{
  "pipeline_file": "layer2h_type1_pilot.py",
  "execution_date": "2026-04-29",
  "sessions_processed": [
    "ses-715093703",
    "ses-719161530",
    "ses-721123822",
    "ses-732592105",
    "ses-737581020",
    "ses-739448407",
    "ses-742951821",
    "ses-743475441",
    "ses-744228101",
    "ses-746083955",
    "ses-750332458",
    "ses-750749662",
    "ses-751348571",
    "ses-754312389",
    "ses-754829445",
    "ses-755434585",
    "ses-756029989",
    "ses-757216464",
    "ses-757970808",
    "ses-758798717",
    "ses-759883607",
    "ses-760345702",
    "ses-760693773",
    "ses-761418226",
    "ses-762120172",
    "ses-762602078",
    "ses-763673393",
    "ses-773418906",
    "ses-791319847",
    "ses-799864342"
  ],
  "config": {
    "random_seed": 42,
    "bin_size_sec": 0.1,
    "min_firing_rate": 0.5,
    "top_pct": 5,
    "min_bins": 50
  },
  "summary": {
    "n_sessions_completed": 30,
    "n_comparisons": 2052,
    "wj_unsigned_mean": 0.4505047156796818,
    "binary_jaccard_top5_mean": 0.27183442816439574,
    "type1_gap_mean": 0.17867028751528605,
    "type1_gap_std": 0.0714009670161085,
    "type1_gap_min": -0.2285465238570058,
    "type1_gap_max": 0.3336844007595705,
    "tversky_a_weighted_mean": 0.4126184704627212,
    "tversky_b_weighted_mean": 0.41261851015248435,
    "type3_asymmetry_gap_mean": -3.9689763145565584e-08,
    "type3_asymmetry_gap_std": 1.8133741579965347e-06,
    "type3_asymmetry_gap_abs_mean": 3.9536162487414544e-07,
    "type3_asymmetry_gap_min": -1.6488751297005777e-05,
    "type3_asymmetry_gap_max": 1.5988350304585452e-05
  },
  "runtime_minutes": 622.0223941961924
}